Artist,Album Title,Format,Genre,Release Year,Quantity,Price (JPY),
The Beatles,Abbey Road,LP,Rock,1969,15,¥4500,
Miles Davis,Kind of Blue,LP,Jazz,1959,22,¥5000,
Nirvana,Nevermind,LP,Grunge,1991,30,¥2200,
Daft Punk,Random Access Memories,LP,Electronic,2013,18,¥5500,
Taylor Swift,Folklore,LP,Indie Folk,2020,45,¥6000,
Kendrick Lamar,To Pimp a Butterfly,LP,Hip Hop,2015,25,¥2500,
Fleetwood Mac,Rumours,LP,Rock,1977,28,¥4200,
Amy Winehouse,Back to Black,LP,Soul,2006,35,¥2300,
Radiohead,OK Computer,LP,Alternative Rock,1997,20,¥4800,
Bob Marley & The Wailers,Exodus,LP,Reggae,1977,17,¥4000,
The Clash,London Calling,LP,Punk,1979,12,¥1800,
Joni Mitchell,Blue,LP,Folk,1971,21,¥4700,
Pink Floyd,The Dark Side of the Moon,LP,Progressive Rock,1973,33,¥5200,
Michael Jackson,Thriller,LP,Pop,1982,50,¥2000,
Led Zeppelin,Led Zeppelin IV,LP,Hard Rock,1971,26,¥4600,
Frank Ocean,Blonde,LP,R&B,2016,14,¥6500,
The Smiths,The Queen Is Dead,LP,Indie Rock,1986,19,¥2400,
David Bowie,The Rise and Fall of Ziggy Stardust and the Spiders from Mars,LP,Glam Rock,1972,23,¥5100,
Stevie Wonder,Songs in the Key of Life,LP,Soul,1976,16,¥5300,
Arctic Monkeys,AM,LP,Indie Rock,2013,40,¥5800,
Queen,A Night at the Opera,LP,Rock,1975,25,¥4800,
The Rolling Stones,Exile on Main St.,LP,Rock,1972,18,¥5000,
Bob Dylan,Blonde on Blonde,LP,Folk Rock,1966,20,¥5200,
Prince,Purple Rain,LP,Pop/Rock,1984,30,¥4500,
Madonna,Like a Virgin,LP,Pop,1984,40,¥2000,
U2,The Joshua Tree,LP,Rock,1987,22,¥4300,
The Police,Synchronicity,LP,New Wave,1983,19,¥4000,
Bruce Springsteen,Born to Run,LP,Rock,1975,27,¥4600,
Tatsuro Yamashita,For You,LP,City Pop,1982,35,¥7500,
Mariya Takeuchi,Variety,LP,City Pop,1984,40,¥7000,
Yellow Magic Orchestra,Solid State Survivor,LP,Synth-pop,1979,30,¥6800,
Utada Hikaru,First Love,LP,J-Pop,1999,50,¥2800,
Ryuichi Sakamoto,Thousand Knives of,LP,Electronic,1978,15,¥7200,
Talking Heads,Remain in Light,LP,New Wave,1980,21,¥4900,
The Cure,Disintegration,LP,Gothic Rock,1989,18,¥5100,
Joy Division,Unknown Pleasures,LP,Post-Punk,1979,24,¥5000,
Beastie Boys,Paul's Boutique,LP,Hip Hop,1989,17,¥5500,
A Tribe Called Quest,The Low End Theory,LP,Hip Hop,1991,20,¥5800,
Wu-Tang Clan,Enter the Wu-Tang (36 Chambers),LP,Hip Hop,1993,28,¥2600,
Notorious B.I.G.,Ready to Die,LP,Hip Hop,1994,30,¥2500,
Tupac,All Eyez on Me,LP,Hip Hop,1996,35,¥2700,
Dr. Dre,The Chronic,LP,Hip Hop,1992,22,¥6000,
OutKast,Stankonia,LP,Hip Hop,2000,25,¥2400,
Kanye West,My Beautiful Dark Twisted Fantasy,LP,Hip Hop,2010,30,¥6200,
Jay-Z,The Blueprint,LP,Hip Hop,2001,26,¥2300,
Eminem,The Marshall Mathers LP,LP,Hip Hop,2000,40,¥2200,
Nas,Illmatic,LP,Hip Hop,1994,23,¥5900,
Public Enemy,It Takes a Nation of Millions to Hold Us Back,LP,Hip Hop,1988,19,¥5400,
Run-DMC,Raising Hell,LP,Hip Hop,1986,16,¥5000,
LL Cool J,Radio,LP,Hip Hop,1985,14,¥4800,
Eric B. & Rakim,Paid in Full,LP,Hip Hop,1987,18,¥5600,
De La Soul,3 Feet High and Rising,LP,Hip Hop,1989,20,¥5700,
Fugees,The Score,LP,Hip Hop,1996,33,¥2400,
Lauryn Hill,The Miseducation of Lauryn Hill,LP,Neo Soul,1998,28,¥6100,
D'Angelo,Voodoo,LP,Neo Soul,2000,21,¥6300,
Erykah Badu,Baduizm,LP,Neo Soul,1997,27,¥2500,
Sade,Diamond Life,LP,Sophisti-pop,1984,30,¥4400,
Björk,Homogenic,LP,Art Pop,1997,19,¥5300,
Aphex Twin,Selected Ambient Works 85-92,LP,IDM,1992,15,¥6000,
Massive Attack,Mezzanine,LP,Trip Hop,1998,22,¥5400,
Portishead,Dummy,LP,Trip Hop,1994,25,¥5200,
Tricky,Maxinquaye,LP,Trip Hop,1995,17,¥5100,
The Chemical Brothers,Dig Your Own Hole,LP,Big Beat,1997,29,¥2300,
The Prodigy,The Fat of the Land,LP,Big Beat,1997,31,¥2200,
Underworld,Dubnobasswithmyheadman,LP,Techno,1994,16,¥5800,
Orbital,The Brown Album,LP,Techno,1991,14,¥5600,
Kraftwerk,Trans-Europe Express,LP,Electronic,1977,23,¥5000,
Brian Eno,Ambient 1: Music for Airports,LP,Ambient,1978,18,¥5500,
Vangelis,Blade Runner,LP,Soundtrack,1994,20,¥5300,
John Coltrane,A Love Supreme,LP,Jazz,1965,26,¥5500,
Charles Mingus,Mingus Ah Um,LP,Jazz,1959,22,¥5100,
Thelonious Monk,Brilliant Corners,LP,Jazz,1957,19,¥5200,
Duke Ellington,Ellington at Newport,LP,Jazz,1956,17,¥4800,
Ella Fitzgerald & Louis Armstrong,Ella and Louis,LP,Jazz,1956,24,¥5000,
Billie Holiday,Lady in Satin,LP,Jazz,1958,21,¥4900,
Nina Simone,I Put a Spell on You,LP,Jazz/Soul,1965,28,¥5300,
James Brown,Live at the Apollo,LP,Funk,1963,25,¥4700,
Parliament,Mothership Connection,LP,Funk,1975,20,¥5400,
Funkadelic,Maggot Brain,LP,Funk Rock,1971,18,¥5600,
Sly & The Family Stone,There's a Riot Goin' On,LP,Funk,1971,16,¥5500,
Curtis Mayfield,Superfly,LP,Soul/Soundtrack,1972,22,¥5000,
Marvin Gaye,What's Going On,LP,Soul,1971,30,¥5200,
Aretha Franklin,I Never Loved a Man the Way I Love You,LP,Soul,1967,27,¥4900,
Otis Redding,Otis Blue/Otis Redding Sings Soul,LP,Soul,1965,24,¥4800,
Sam Cooke,Night Beat,LP,Soul,1963,21,¥4700,
Etta James,At Last!,LP,R&B,1960,29,¥4600,
Ray Charles,Modern Sounds in Country and Western Music,LP,R&B/Country,1962,19,¥4500,
Johnny Cash,At Folsom Prison,LP,Country,1968,26,¥4400,
Hank Williams,40 Greatest Hits,LP,Country,1978,30,¥2000,
Patsy Cline,Showcase,LP,Country,1961,23,¥4300,
Willie Nelson,Red Headed Stranger,LP,Country,1975,20,¥4200,
Dolly Parton,Jolene,LP,Country,1974,28,¥4100,
The Velvet Underground,The Velvet Underground & Nico,LP,Art Rock,1967,25,¥5800,
The Stooges,Fun House,LP,Proto-Punk,1970,18,¥5600,
Ramones,Ramones,LP,Punk,1976,27,¥5000,
Sex Pistols,Never Mind the Bollocks,LP,LP,Punk,1977,24,¥5100
Black Flag,Damaged,LP,Hardcore Punk,1981,19,¥4900,
Minor Threat,Complete Discography,LP,Hardcore Punk,1989,22,¥2200,
Fugazi,Repeater,LP,Post-Hardcore,1990,20,¥4800,
Black Sabbath,Paranoid,LP,Heavy Metal,1970,30,¥4700,
Metallica,Master of Puppets,LP,Thrash Metal,1986,28,¥5200,
Slayer,Reign in Blood,LP,Thrash Metal,1986,21,¥5100,
Iron Maiden,The Number of the Beast,LP,Heavy Metal,1982,26,¥4900,
Judas Priest,British Steel,LP,Heavy Metal,1980,23,¥4600,
Motörhead,Ace of Spades,LP,Heavy Metal,1980,25,¥4800,
My Bloody Valentine,Loveless,LP,Shoegaze,1991,17,¥6500,
Slowdive,Souvlaki,LP,Shoegaze,1993,15,¥6200,
Ride,Nowhere,LP,Shoegaze,1990,16,¥6000,
Cocteau Twins,Heaven or Las Vegas,LP,Dream Pop,1990,20,¥5800,
Mazzy Star,So Tonight That I Might See,LP,Dream Pop,1993,22,¥5700,
The Jesus and Mary Chain,Psychocandy,LP,Noise Pop,1985,19,¥5400,
Pixies,Doolittle,LP,Alternative Rock,1989,28,¥5300,
Sonic Youth,Daydream Nation,LP,Noise Rock,1988,21,¥5500,
R.E.M.,Murmur,LP,Jangle Pop,1983,24,¥4900,
Pavement,Slanted and Enchanted,LP,Indie Rock,1992,20,¥5200,
Neutral Milk Hotel,In the Aeroplane Over the Sea,LP,Indie Folk,1998,26,¥5600,
The Strokes,Is This It,LP,Garage Rock Revival,2001,35,¥5000,
The White Stripes,Elephant,LP,Garage Rock Revival,2003,30,¥4800,
Interpol,Turn On the Bright Lights,LP,Post-Punk Revival,2002,27,¥5100,
Yeah Yeah Yeahs,Fever to Tell,LP,Indie Rock,2003,25,¥4900,
LCD Soundsystem,Sound of Silver,LP,Dance-Punk,2007,23,¥5400,
Vampire Weekend,Vampire Weekend,LP,Indie Pop,2008,29,¥5000,
